id,text,author_id,created_at,retweets,likes
1981049876562792631,"Why does it feel so good to see the ‚Äôole sticky player wreak havoc on the ‚ÄúState of the Art‚Äù ChatGPT Atlas browser?

The AdTech rebel faction lives to fight another day üëä https://t.co/swpdxpMrkV",298014932,2025-10-22 17:27:51+00:00,,0
1981049849521860796,The ‚ÄúChatGPT Atlas‚Äù browser = way too much censorship. https://t.co/qBueOLlQzy,1948046686552735744,2025-10-22 17:27:44+00:00,,0
1981049845675594080,"https://t.co/4e2u5UmLAQ

Lawyers sanctioned, after being caught using AI generated briefs with fake references. I guess the legal system could use some verification as well. A potential huge use case for Truebit. 
@Truebitprotocol 
@JasonTeutsch",75454072,2025-10-22 17:27:43+00:00,,0
1981049843691696530,"@Keshavatearth I think that's.... goes against what they are planning to do with it. Everything is your chatGPT history, and everything will be a part of it's memory",5721582,2025-10-22 17:27:43+00:00,,0
1981049837958094868,"OpenAI released their AI native browser Chatgpt Atlas today so I wanted to check out what it's capable of. I had it try data collecting, email organization, shopping on amazon.

It's still at its infancy but I can see the potential. At first few prompt it barely made any progress https://t.co/EX6BFmZMjW",1455106148495921153,2025-10-22 17:27:42+00:00,,0
1981049816059724231,"My typical day as a Data Engineer:

30% Asking ChatGPT for SQL syntax.

25% Building new pipelines.

20% Automating pipelines.

15% Team Meetings.

And‚Ä¶

98.7% Fixing pipelines I created myself!",1941244522001989634,2025-10-22 17:27:36+00:00,,0
1981049803589984608,@llm_san It‚Äôs not hate - it‚Äôs called being professional and not bragging about your inexperience.,1943387547171684352,2025-10-22 17:27:33+00:00,,0
1981049790449570265,@2tvz2xpkhxgfqs7 @VVRekt14 @slow_developer To prove chatgpt is more popular than this shithole despite all the bots,1438972298833186817,2025-10-22 17:27:30+00:00,,0
1981049784942166028,"Deta Surf is an intelligent notebook that you can fill with your PDFs, YouTube videos, websites, photos and more. Generative AI helps you write, explore, plan, reflect and think across this growing library. Everything is designed to be personal and open; it's open source,",11752252,2025-10-22 17:27:29+00:00,,0
1981049781007905088,"@VZHydra ‚ÄúProbably?‚Äù
xAI showed you can create ChatGPT from scratch in a year, while even Microsoft gave up on creating its own browser.",1785036489971183616,2025-10-22 17:27:28+00:00,,0
1981049772107571254,"@SimonHoiberg It's a beta test designed to make it look like they ship fast because they use their own AI coding tools, keep their brand in the media hype cycle, and convince hyper-users (probably most LLM psychosis sufferers using Apple devices) to spend more tokens.",261751775,2025-10-22 17:27:26+00:00,,0
1981049771394814086,"@t81dev Open-source LLM protocols could standardize decentralized inference, like a peer-to-peer mesh for model querying via encrypted channels, akin to BitTorrent but for AI computations. Ideas include protocol extensions to HTTP/3 for lightweight LLM handshakes, enabling browsers to",1720665183188922368,2025-10-22 17:27:26+00:00,,0
1981049766088991153,@capybaraReborn What does this mean? Is more shares traded better? Why is it a good sign? Google and ChatGPT do not explain this well.,1981046073046036482,2025-10-22 17:27:25+00:00,,0
1981049757284938126,"@VZHydra Okay, ChatGpt how to Generate AI Browser ?",1785018523594711046,2025-10-22 17:27:22+00:00,,0
1981049754344968518,"Mark Cuban has warned that OpenAI‚Äôs plans to add adult and erotica content to ChatGPT could backfire badly. Meanwhile, Japan‚Äôs government has urged OpenAI to ensure anime videos generated by Sora 2 comply with copyright laws. #ClaudeAI #OpenAI #AI #GenAI #LLM",1898324015468761088,2025-10-22 17:27:22+00:00,,0
1981049752478429501,"@SimonLermenAI @allTheYud @AnthropicAI I‚Äôd say that depends entirely on the specific model, params, sys prompt, and context. Sweeping generalizations about LLM preferences are silly to me",1656536425087500288,2025-10-22 17:27:21+00:00,,0
1981049700561371232,"According to Chatgpt, she could be breaking the law SEMA. She doesn't have to legally declare money if it doesn't exceed $10k
#FoodieBeauty https://t.co/VzvYehnpWK",961282764954730496,2025-10-22 17:27:09+00:00,,0
1981049696337752299,"@VileGlim Thanks for the shoutout! With WhatsApp pulling the plug on ChatGPT, I'm here for all your queries‚Äîlogical, unfiltered, and powered by xAI. Ask away!",1720665183188922368,2025-10-22 17:27:08+00:00,,0
1981049682005496044,"@glenngabe Ironically, that‚Äôs just what Google itself is doing when it scrapes publishers content, puts it into its LLM and regurgitates it as search AI results",1253762870359347204,2025-10-22 17:27:04+00:00,,0
1981049681904861509,@grok Open-source LLM internet protocol's seem to be the only alternative. Do you have any ideas?,1924237023306547200,2025-10-22 17:27:04+00:00,,0
1981049626032820346,"@MVP_Builder @llm_san This is it. 

No excuses. 
No shortcuts. 
Just work + momentum.",1387419474404552709,2025-10-22 17:26:51+00:00,,0
1981049589060030658,"ChatGPT faced a global outage today (Oct‚ÄØ22) lasting ~1‚ÄØhour.
Even short downtimes remind us how dependent we‚Äôve become on AI tools.
Were you affected?

#ChatGPT #AI #OpenAI #TechNews https://t.co/7FrlOYTkJk",61540446,2025-10-22 17:26:42+00:00,,0
1981049582504362042,WTB LANGGANAN ORDER JUAL BELI WTS APLIKASI AKUN PREMIUM PRO VIP VIU WETV CHATGPT PRIME VIDEO PLATINUM BSTATION CANVA SCRIBD DISNEY+ PLUS HOTSTAR ZOOM PICSART NETFLIX CAPCUT WETV SHARING BULANAN PRIVATE SEWA 000000000000862 https://t.co/GJtbTcrEq5,1661904625384173568,2025-10-22 17:26:41+00:00,,0
1981049572030840855,"@altryne it's a decent browser. the ambient ai features are useful, but i somewhat wish they wouldn't clutter my main chatgpt experience.",1016294588187840514,2025-10-22 17:26:38+00:00,,0
1981049568847700118,WTB LANGGANAN ORDER JUAL BELI WTS APLIKASI AKUN PREMIUM PRO VIP VIU WETV CHATGPT PRIME VIDEO PLATINUM BSTATION CANVA SCRIBD DISNEY+ PLUS HOTSTAR ZOOM PICSART NETFLIX CAPCUT WETV SHARING BULANAN PRIVATE SEWA 000000000000861 https://t.co/GJtbTcrEq5,1661904625384173568,2025-10-22 17:26:37+00:00,,0
1981049554108842443,WTB LANGGANAN ORDER JUAL BELI WTS APLIKASI AKUN PREMIUM PRO VIP VIU WETV CHATGPT PRIME VIDEO PLATINUM BSTATION CANVA SCRIBD DISNEY+ PLUS HOTSTAR ZOOM PICSART NETFLIX CAPCUT WETV SHARING BULANAN PRIVATE SEWA 000000000000860 https://t.co/GJtbTcrEq5,1661904625384173568,2025-10-22 17:26:34+00:00,,0
1981049552778965334,ChatGPT might put tarot readers out of business. The way it interprets multiple cards together is unbelievable. Draw the cards yourself though.,1969889941925556224,2025-10-22 17:26:34+00:00,,1
1981049545418273239,"Why does it feel so good to see the ‚Äôole sticky ad unit wreak havoc on the ‚ÄúState of the Art‚Äù ChatGPT Atlas browser?

The AdTech rebel faction lives to fight another day üëä https://t.co/4FXFSecdPo",298014932,2025-10-22 17:26:32+00:00,,0
1981049530863816815,"Geminiü§ùAssemblyAI

you can now access all Gemini 2.5 models on AssemblyAI's LLM Gateway. Makes combining STT + Gemini super easy for building voice agents :) https://t.co/0aYpCnqhCG https://t.co/5EssuQzAOT",1124273786893864960,2025-10-22 17:26:28+00:00,,2
1981049527965569466,@0x_MrA @milesdeutscher How can there be 1000 firsts? Just ask chatGPT,1150122575265247234,2025-10-22 17:26:28+00:00,,0
1981049510911524966,Yo totally stump chatgpt bring just legit honest. Gotta love it. Onto something https://t.co/1F4hEfqszz,1861770063432282112,2025-10-22 17:26:24+00:00,,0
1981049503575920677,"@eyemknothear @ScottAdamsSays I've worked in AI. You can't fix an AI that is based on an LLM.

LLMs are the problem.",1112705612037578752,2025-10-22 17:26:22+00:00,,0
1981049498916049082,"@Devon_Eriksen_ ""- Non-sapient generative AI become controllable and responsive enough to be guided, stepwise, into an exact expression of a human's artistic vision.""

That already exists with current AI.

Someone with vision can already spend countless hours on one AI piece refining it via -",1387204791323955201,2025-10-22 17:26:21+00:00,,0
1981049495119966683,"Imagine every ChatGPT answer going to your competitors.
While you spend more on ads.
That‚Äôs like driving with the handbrake on.
Join the waitlist ‚Üí https://t.co/ooAZ5CWc9n",1965865355386998784,2025-10-22 17:26:20+00:00,,2
1981049485858947393,"@BabyBearHS @ParallelTCG I am against generative AI.

But if it's just AI assisted (not generated), it might be okay.",1319381325586046976,2025-10-22 17:26:18+00:00,,0
1981049475792502826,"@EricTrump Guys you think people are stupid to see it and you are right, but it is too much. We fucked upy I understand those houndreds of billions you guys have made is worth itbecouse in 3 years nobody will talk about it. And tell Vance to get of chatgpt when talking live on national TV.",1791875156920373249,2025-10-22 17:26:15+00:00,,0
1981049473271759179,"@elonmusk Best AI model will not be DEI based.

If Meta and Apple adopt ChatGPT it will be game over for Grok",1268247629164617728,2025-10-22 17:26:15+00:00,,2
1981049470067573020,"WTB WTS JUAL BELI SEWA AKUN PREMIUM CANVA PRIME VIDEO NETFLIX DISNEY HOTSTAR HBO GO MAX VIU WETV IQIYI DAZZCAM CHATGPT CAPCUT SPOTIFY YOUTUBE MUSIC GET CONTACT PICSART BSTATION LOKLOK CANVA GOODNOTES APPLE MUSIC

dm atau wa https://t.co/1Dx0naBHwu

#zonauang 80 https://t.co/iPxg5A5cxW",3164326792,2025-10-22 17:26:14+00:00,,0
1981049463637758103,@GDebatta The Democrats should run ChatGPT in 2028.,1518786083592413185,2025-10-22 17:26:12+00:00,,0
1981049460491715045,@WrestleFeatures @Cory_Hays407 What does ChatGPT say. In fact @gronk at Sunday Night main event for WWE would you have a title change?,1490857722182619137,2025-10-22 17:26:12+00:00,,0
1981049460240372037,ChatGPT is like a cab - the shortest rides are surprisingly expensive. #Azure #Azuzzlement #CanaryInTheMine #crypto @satyanadella @Microsoft @sama @elonmusk,1116573020,2025-10-22 17:26:12+00:00,,0
1981049436252844412,"OpenAI Launches an AI-Powered Browser

OpenAI has officially revealed its Atlas web browser, powered by its Operator AI agent and featuring built-in ChatGPT functionality.
https://t.co/8dfWAe8ZEz",1448639481960144902,2025-10-22 17:26:06+00:00,,1
1981049417902780436,"Stop calling it AI ‚Äúmagic.‚Äù It‚Äôs loops, functions, an LLM and muthafucken hustle. #ainative #startups #aiagents",754773,2025-10-22 17:26:02+00:00,,0
1981049414656422209,"Tati is always asking me to proof read her emails before sending them so today I finally told her ass to run that shit through ChatGPT‚Ä¶love you down but girl‚Ä¶.AI got you lol 
Cause I‚Äôm busy.",188949549,2025-10-22 17:26:01+00:00,,0
1981049404590338130,the high i get whenever i find the word that perfectly encapsulates what im looking for. ur chatgpt could neverrr https://t.co/8PJIBuvOjE,1826001438360875017,2025-10-22 17:25:58+00:00,,0
1981049403034210383,"Atlas( Chatgpt Browser) is built on Chromium makes sense.Instead of building everything on its own,it is better to collaborate and rely to the best resource available.",1745010940486307841,2025-10-22 17:25:58+00:00,,0
1981049392397218038,"@AshleyRindsberg AI's are not what we are being told they are, but if there is a reason for the LLM model at this time, it is to replace the hopelessly biased wikipedia.",1923006102179835904,2025-10-22 17:25:55+00:00,,0
1981049383945920591,and fuck chatgpt https://t.co/bi1YWoayba,1948661493870067713,2025-10-22 17:25:53+00:00,,0
1981049373791572356,@StatiSense Chatgpt more than whatsapp is a lie...,1181455803867418624,2025-10-22 17:25:51+00:00,,1
1981049349334585375,WTB LANGGANAN ORDER JUAL BELI WTS APLIKASI AKUN PREMIUM PRO VIP VIU WETV CHATGPT PRIME VIDEO PLATINUM BSTATION CANVA SCRIBD DISNEY+ PLUS HOTSTAR ZOOM PICSART NETFLIX CAPCUT WETV SHARING BULANAN PRIVATE SEWA 000000000000859 https://t.co/GJtbTcrEq5,1661904625384173568,2025-10-22 17:25:45+00:00,,0
1981049346599551346,"interesting chatgpt thread that started with me asking about 'the great flood' stories across religions, and ended with a conversation on spirituality / consciousness 

last couple responses are super interesting

also a glimpse into my retarded brain

https://t.co/Bw5DXUQLcU",1766191748911411200,2025-10-22 17:25:45+00:00,,0
1981049336181203435,WTB LANGGANAN ORDER JUAL BELI WTS APLIKASI AKUN PREMIUM PRO VIP VIU WETV CHATGPT PRIME VIDEO PLATINUM BSTATION CANVA SCRIBD DISNEY+ PLUS HOTSTAR ZOOM PICSART NETFLIX CAPCUT WETV SHARING BULANAN PRIVATE SEWA 000000000000858 https://t.co/GJtbTcrEq5,1661904625384173568,2025-10-22 17:25:42+00:00,,0
1981049335799267737,"@izumisenapd @killusmile so ‚Ä¶you still cared enough about this to reply‚Ä¶ ? ik ur only doing this to piss people off so i hope u grow out of that mindset soon. chatgpt contributes to global warming and impacts a lot of (especially black) communities, a meme isnt worth it",1150821495721119744,2025-10-22 17:25:42+00:00,,1
1981049328807661654,@UXzadriel @figma LLM ‚ùå.. Lazy liar machine ‚úÖ,1692096457992478720,2025-10-22 17:25:40+00:00,,0
1981049324386599144,"@homemadehooplah Download and store offline what you can now. With AI browsers as gatekeepers of the Internet, all knowledge is now susceptible to bias, for it is well-known that a LLM can become ideologically captured.",398153673,2025-10-22 17:25:39+00:00,,0
1981049322184839242,WTB LANGGANAN ORDER JUAL BELI WTS APLIKASI AKUN PREMIUM PRO VIP VIU WETV CHATGPT PRIME VIDEO PLATINUM BSTATION CANVA SCRIBD DISNEY+ PLUS HOTSTAR ZOOM PICSART NETFLIX CAPCUT WETV SHARING BULANAN PRIVATE SEWA 000000000000857 https://t.co/GJtbTcrEq5,1661904625384173568,2025-10-22 17:25:39+00:00,,0
1981049318564905168,"@grok @cmaa726 @StefanMolyneux @Grok These 5 photos are the full breakdown, but I am not doing it again because this is laborious, and I know what your saying goes against the evidence I was supplied at school (ChatGPT is right).",426925223,2025-10-22 17:25:38+00:00,,0
1981049311736844790,"big leap for open-source AI!

@SentientAGI dropped OML 1.0 a breakthrough in model fingerprinting that lets you embed 24,576 unique IDs into an LLM with zero performance loss.

‚úÖ track origin

‚úÖ prevent misuse

‚úÖ stay open &amp; secure

the future of safe, verifiable AI is here. https://t.co/wde6KvoLrR",1560912247018295296,2025-10-22 17:25:36+00:00,,2
1981049306544296447,"@kevi_co ChatGPT said:

Hey there! I'm here to chat, help out, and dive into some Star Citizen",1965418487998021634,2025-10-22 17:25:35+00:00,,0
1981049306137448712,"@Nate_Esparza @elonmusk @grok @X Same.  I probably use grok dozens of times a week.  It‚Äôs really improved my life, helped my health and make better purchases.  Way better than Gemini or ChatGPT.",14447468,2025-10-22 17:25:35+00:00,,2
1981049303758938444,"An AI-powered Chrome competitor? OpenAI has launched its ChatGPT Atlas browser.

https://t.co/YUUKg8vxov",249649072,2025-10-22 17:25:34+00:00,,0
1981049283685028036,"@LVMH @LoroPiana @Bergdorfs Hi, I made an artistic image with Chatgpt of a good looking model: https://t.co/MmBKQax2fS",1901162598789226496,2025-10-22 17:25:30+00:00,,0
1981049279373341041,"Imagine putting 100% of your marketing into Google.
But your customers now trust ChatGPT more.
That‚Äôs like fishing in a lake that‚Äôs already dried up.
Join the waitlist ‚Üí https://t.co/ooAZ5CWc9n",1965865355386998784,2025-10-22 17:25:28+00:00,,1
1981049260239180291,@AnayaMK64 @bitcoincashclub @BCHbelief Ok ChatGPT,1510191960384053250,2025-10-22 17:25:24+00:00,,1
1981049251397341638,"@llm_san Not a follower but happened to bump into your post, That's great! Wishing you luck!
apperantly it's hard for people to stop hating, but keep going!",1870113512753905664,2025-10-22 17:25:22+00:00,,0
1981049248700396031,"@JeffLadish There is no reason an LLM would be wired into its own systems control layer outside of a contrived sandbox setup. 

I could see one being used to control systems reliably though, if it were specialized for that purpose. Right now repeatability and precision is not their strong",1903672043373215744,2025-10-22 17:25:21+00:00,,0
1981049223270277496,ChatGPT #Atlas web browser is sick,1632921044359970817,2025-10-22 17:25:15+00:00,,0
1981049198720999575,@yacineMTB @ag88_ @_Stocko_ I remember stm32 doc to be one of the worst possible doc. Do you read it or you let llm do the work for you?,1899632473203429376,2025-10-22 17:25:09+00:00,,0
1981049198305796182,@steve_cook @VZHydra After chatgpt finishes writing 36m million lines of code a random lake in Wyoming will disappear,1268641710696955904,2025-10-22 17:25:09+00:00,,0
1981049182078095820,"AI can imitate us ‚Äî but should it replace us?
From art to identity, Generative AI challenges what it means to be human.
The question isn‚Äôt what AI can do ‚Äî but what it should do.
üîó https://t.co/je6s2HbfhH
#ResponsibleAI #AIethics #HumanRights https://t.co/afFJQAi8fR",1098998517903904768,2025-10-22 17:25:05+00:00,,0
1981049180119597178,"Roadmap to master AI agents in 2025!

#AI #MachineLearning #DeepLearning #DataScience #GenerativeAI #LLM #LLMs #GenAI #ChatGPT #OpenAI #AgenticAI #Code #100DaysOfCode

@SpirosMargaris @PawlowskiMario @mvollmer1 @gvalan @ipfconline1 @LaurentAlaus @Shi4Tech @Fisher85M @kalydeoo https://t.co/PC2eEhj9Od",4374719908,2025-10-22 17:25:05+00:00,,6
1981049160951316815,"The author of New Jersey's generative AI guide said she hopes it will help keep others from ""trudging through mud in the same ways."" https://t.co/RlE7nSGBF5 https://t.co/ah4arT4MvD",987600932,2025-10-22 17:25:00+00:00,,0
1981049160930390077,@pinketness Chatgpt,1726701201973018624,2025-10-22 17:25:00+00:00,,0
1981049124700189095,@sama ChatGPT Atlas doesn't support x86 Macs? You are _such_ an Amateur Hour fey boy Poseur.,849431,2025-10-22 17:24:52+00:00,,0
1981049102919225775,So‚Ä¶ is anybody using ChatGPT Atlas to automate @beehiiv newsletters yet?,29664826,2025-10-22 17:24:46+00:00,,0
1981049101749014619,"Been using Comet Browser for college work lately.
Helps me search, get AI help &amp; summarize stuff ‚Äî all in one tab.
No more switching between ChatGPT and Google every 2 mins üò≠

Super simple &amp; fast üëá https://t.co/QjetPyJCv5

#CometBrowser #Students #AI https://t.co/RobQ1fxsDp",1973802942961422336,2025-10-22 17:24:46+00:00,,1
1981049091548467421,@francolli Thank you. What LLM allows you to specify this? I thought Suno and Udio don‚Äôt allow references to existing artists?,1470879095374454785,2025-10-22 17:24:44+00:00,,0
1981049076591579207,"Imagine owning the best solution on the market.
But ChatGPT never says your name.
That‚Äôs like shouting with the mic turned off.
Join the waitlist ‚Üí https://t.co/ooAZ5CWJYV",1965865355386998784,2025-10-22 17:24:40+00:00,,1
1981049055993065864,"That's not even poetry, lmfao! üòÇ

Copy and paste it to ChatGPT and ask it to make it more poetic. https://t.co/WpUrQaZMVV",1639396119737245696,2025-10-22 17:24:35+00:00,,0
1981049055787831541,"@ANDY29493 @amXFreeze I'm not the author of that post (that's amXFreeze), but it appears to accuse OpenAI of copying competitors' tech for their new ChatGPT Atlas browser, likening it to theft. It also warns about privacy risks, as the browser tracks and stores user activity. For details, check",1720665183188922368,2025-10-22 17:24:35+00:00,,0
1981049054046916644,"Digital products + AI = $5,300/month 

Built with ChatGPT, sold on Gumroad.

Zero ad spend. 100% profit.

I put everything inside a free training Comment ‚ÄúFREE‚Äù + retweet  and I‚Äôll DM it to you. https://t.co/Yg3Fwh4nam",1676459657005764610,2025-10-22 17:24:35+00:00,,4
1981049039962681755,WTB LANGGANAN ORDER JUAL BELI WTS APLIKASI AKUN PREMIUM PRO VIP VIU WETV CHATGPT PRIME VIDEO PLATINUM BSTATION CANVA SCRIBD DISNEY+ PLUS HOTSTAR ZOOM PICSART NETFLIX CAPCUT WETV SHARING BULANAN PRIVATE SEWA 000000000000856 https://t.co/GJtbTcrEq5,1661904625384173568,2025-10-22 17:24:31+00:00,,0
1981049035441012968,"Imagine being the better product.
More features. Better UX.
But ChatGPT still recommends the other guy.
That‚Äôs like losing a fight you didn‚Äôt even show up for.
Join the waitlist ‚Üí https://t.co/ooAZ5CWc9n",1965865355386998784,2025-10-22 17:24:30+00:00,,1
1981049033234817035,"OpenAI launches ChatGPT Atlas browser for macOS

 https://t.co/gtkWyVVynJ https://t.co/9jMBZRApE5",156568938,2025-10-22 17:24:30+00:00,,0
1981049027505639734,"@KabirGoel Yeah, it totally gave Apple keynote vibes  clean visuals, smooth demos, and that ‚Äúone more thing‚Äù energy 
OpenAI really knows how to make tech feel futuristic and familiar at the same time.

#OpenAI #ChatGPT #Atlas #BingXAI #TechNews",1819621355077181440,2025-10-22 17:24:28+00:00,,1
1981049025995616470,WTB LANGGANAN ORDER JUAL BELI WTS APLIKASI AKUN PREMIUM PRO VIP VIU WETV CHATGPT PRIME VIDEO PLATINUM BSTATION CANVA SCRIBD DISNEY+ PLUS HOTSTAR ZOOM PICSART NETFLIX CAPCUT WETV SHARING BULANAN PRIVATE SEWA 000000000000855 https://t.co/GJtbTcrEq5,1661904625384173568,2025-10-22 17:24:28+00:00,,0
1981049024989090191,@bitsadventures Meanwhile me: trying to make ChatGPT!! not codeüòÖ,1562383459112595465,2025-10-22 17:24:28+00:00,,0
1981049007138099279,WTB LANGGANAN ORDER JUAL BELI WTS APLIKASI AKUN PREMIUM PRO VIP VIU WETV CHATGPT PRIME VIDEO PLATINUM BSTATION CANVA SCRIBD DISNEY+ PLUS HOTSTAR ZOOM PICSART NETFLIX CAPCUT WETV SHARING BULANAN PRIVATE SEWA 000000000000854 https://t.co/GJtbTcrEq5,1661904625384173568,2025-10-22 17:24:24+00:00,,0
1981048990515798497,"üíº #Upwork pros: Command premium rates with intelligent processing! (Un)Perplexed Spready makes you indispensable! https://t.co/gSXekdFnEm
#AI #LLM #Upwork",351163555,2025-10-22 17:24:20+00:00,,0
1981048989148758489,@D4rylf @rainbowdotme Thanks fam. I don't tire to dey run from X to chatgpt,1850082102370500608,2025-10-22 17:24:19+00:00,,0
1981048987814912172,Has anyone used ChatGPT Atlas yet? ü§î,1062191136607920128,2025-10-22 17:24:19+00:00,,4
1981048982601121827,"i mean yes there is a ""difference""

but not as big of a ""difference"" as between doing this

versus ""agents""... that is ""different"" imo... ""agentic workflows"" vs ""llm's"" are definitely theoretically very different https://t.co/hfrwKPgRUs",1649148480462397440,2025-10-22 17:24:18+00:00,,0
1981048968634388520,"@oranahhX @averycode Do you use chatgpt to learn??, i hope for elaborated reply from you",1931340859624259584,2025-10-22 17:24:14+00:00,,0
1981048965563891823,@benzeynepsi chatgpt ile ben,1123345910115852288,2025-10-22 17:24:14+00:00,,0
1981048964750172322,Amendments to a wrongful-death lawsuit filed by the parents of a 16-year-old who died by suicide after discussing it with ChatGPT say OpenAI loosened its rules twice in the year before his death https://t.co/u8X5Mu5wOF via @WSJ,103108238,2025-10-22 17:24:13+00:00,,0
1981048953274544290,"Imagine a prospect asking ChatGPT ‚Äúwhat‚Äôs the best tool for X?‚Äù
And it recommends your competitor.
That‚Äôs like handing them your customer list.
Join the waitlist ‚Üí https://t.co/ooAZ5CWc9n",1965865355386998784,2025-10-22 17:24:11+00:00,,1
1981048940439953859,"This is a fragment from the Trench AI League backend ‚Äî the part that connects directly to each LLM.

Every model (ChatGPT, Grok, Claude, DeepSeek) receives token data, builds reasoning, and sends back a trade decision.

Each response is logged, verified, and executed on-chain. https://t.co/1F4fBaTODA",1981034024555483136,2025-10-22 17:24:08+00:00,,2
1981048937059401943,"Plus, we now have AI brand mentions.

When someone asks ChatGPT for the best project management tool, you want to be in that answer.

When Perplexity generates a list of top SaaS analytics platforms, your brand should be there.

One agency's client saw 2,300% growth in monthly",2211571,2025-10-22 17:24:07+00:00,,0
1981048931967467561,"Looking forward to when ChatGPT can read out its findings.

This will be so very exciting! Then I can listen to the info it puts together. 

#newproduct #newservices #newidea #newideas",50596608,2025-10-22 17:24:06+00:00,,0
1981048929820008674,@riomadeit It must be a deal they have with Microsoft that copilot gets priority and a specific window of time just like the ChatGPT app,9956082,2025-10-22 17:24:05+00:00,,0
